Gene_ID,dim_1,dim_2,dim_3,dim_4,dim_5,dim_6,dim_7,dim_8,dim_9,dim_10
ENSG00000000003,0.047667183,0.17538607,-0.38618103,-0.12349164,0.25977778,0.40975463,0.075362496,-0.0075442404,0.2548853,-0.30757222
ENSG00000000005,-0.39830795,-0.35263968,0.27273157,0.42877617,-0.2894211,0.28400412,-0.042088397,0.08736533,0.14813234,-0.19057493
ENSG00000000419,0.110904545,0.23790583,-0.02175173,-0.018782115,-0.29392228,0.024808664,-0.14069268,0.19579698,0.22004889,0.039049413
ENSG00000000457,-0.39427277,0.027533013,0.21092737,-0.11201001,0.21937917,0.17373765,0.1551921,-0.3237431,0.26483613,0.00030019094
ENSG00000000460,-0.011196818,0.28725895,0.11546747,-0.03821877,0.25691405,0.5948599,0.11113971,-0.3335444,0.7418171,0.23916808
ENSG00000000938,0.15380491,0.4544219,-0.095107496,-0.020030808,0.13269301,0.03941612,0.32503247,-0.16492902,0.14703193,-0.3918744
ENSG00000000971,0.2419199,0.121869765,0.2354944,0.17973673,-0.04168644,0.19490536,0.43965188,0.6682775,0.10803215,-0.18900818
ENSG00000001036,0.23599052,0.4454577,-0.3752984,0.20100266,0.22411469,-0.16267343,-0.25378543,0.43067512,0.23237367,-0.07045032
ENSG00000001084,0.15463182,-0.0009536936,0.13088539,-0.50525516,0.2392404,-0.0054759583,0.15761903,0.10462216,-0.11598493,-0.25576705
ENSG00000001167,0.29327935,0.14882539,0.06851589,-0.103912055,-0.05137282,-0.19221148,0.082150206,-0.22851369,0.28184706,-0.2735818
