Sample_ID,Gene_ID,dim_1,dim_2,dim_3,dim_4,dim_5,dim_6,dim_7,dim_8,dim_9,dim_10
TCGA-06-2559-01A,ENSG00000000003,-3.2782874,0.20739128,-3.3732924,0.22822273,-0.5589853,-0.56545377,-0.85974485,0.8975715,-0.5491893,-1.0962306
TCGA-06-2559-01A,ENSG00000000005,-0.23059556,0.57921994,3.7807646,-0.11042744,-0.42818394,1.6816378,-2.373319,-0.016836494,1.2545933,-0.71900725
TCGA-06-2559-01A,ENSG00000000419,-0.08984587,-2.904783,-0.3809489,-0.62014484,0.4304338,-1.6076076,-2.868238,-0.15918373,1.2714901,-1.841574
TCGA-06-2559-01A,ENSG00000000457,-1.4782162,2.97397,2.4866743,-1.6644423,0.40498936,2.972106,3.7435522,0.21131754,2.9860172,1.5936172
TCGA-06-2559-01A,ENSG00000000460,0.44474748,3.384552,0.37964872,-0.71548223,-0.22421455,3.062737,3.8745315,-1.0069577,1.5043794,1.652934
TCGA-06-2559-01A,ENSG00000000938,-0.4132611,0.028856648,-5.143152,2.7697158,-1.2286953,0.77882826,0.19225715,-2.4149818,1.9227502,1.602402
TCGA-06-2559-01A,ENSG00000000971,3.1810184,-1.9862711,1.4754283,-0.8859523,-0.22417143,-2.1539288,-0.22476798,0.91075146,-0.13556421,1.357133
TCGA-06-2559-01A,ENSG00000001036,-0.43829018,1.8867446,-5.6632156,1.3997153,-0.97006154,0.41826618,0.389574,0.5076872,-0.8271025,-0.3493054
TCGA-06-2559-01A,ENSG00000001084,-1.0762522,-0.7306732,-4.4095235,-0.10102409,1.2018781,2.7719715,-0.095685795,-1.9868674,3.1582878,-0.17722169
TCGA-06-2559-01A,ENSG00000001167,-0.2302326,-2.6396513,-2.4076319,-0.02703383,-0.26003918,1.3948417,-0.8843346,-1.1239444,2.8714051,2.932127
TCGA-06-0187-01A,ENSG00000000003,-1.2706873,-1.4820199,1.4349893,-0.8254293,2.9936175,-0.46764824,-1.4850022,-0.26076335,0.61789393,0.967208
TCGA-06-0187-01A,ENSG00000000005,1.2528806,-2.0801544,2.8395154,0.014202118,3.054372,0.011842132,-1.9311327,1.0129249,0.287174,-0.9136181
TCGA-06-0187-01A,ENSG00000000419,0.6724588,-0.40350235,1.5227563,-1.6178632,4.28494,-1.1763402,-1.84985,0.42489147,2.7219942,1.8444116
TCGA-06-0187-01A,ENSG00000000457,-0.7424671,-0.36909872,5.0887895,0.1863228,-1.8121394,-0.1449203,1.2215835,1.4999301,0.7449806,2.2095296
TCGA-06-0187-01A,ENSG00000000460,-0.8494109,-3.2459016,4.402384,-0.42558968,-3.973123,0.35805494,-0.9503747,2.95542,-0.70274216,1.8650476
TCGA-06-0187-01A,ENSG00000000938,0.09778112,1.1443114,-3.3659062,3.2175713,0.512007,-0.15085828,-3.193329,1.785022,-0.26629472,4.402261
TCGA-06-0187-01A,ENSG00000000971,0.40626243,-0.2414034,-0.6202845,0.53045475,2.6242867,-1.5902827,-0.56335044,0.71358705,-1.271216,2.935739
TCGA-06-0187-01A,ENSG00000001036,-0.5803033,1.7788436,-0.47484672,3.2737496,1.2388422,0.39983565,-0.21000338,-2.1949441,1.6900847,-2.0601077
TCGA-06-0187-01A,ENSG00000001084,-0.61766356,0.34079525,-2.9098125,1.2890508,2.691348,1.662563,-2.9116483,1.3228252,0.1696986,2.47855
TCGA-06-0187-01A,ENSG00000001167,-0.27840054,-1.691439,-2.5053365,-0.3018715,-0.22631979,1.4257011,-0.25841555,0.48914787,0.37620413,0.01760912
TCGA-27-2521-01A,ENSG00000000003,-2.3857455,-0.62083584,-0.73000014,-0.97784406,-0.7990018,0.037583172,-2.1022632,1.327631,-0.23838624,-0.09871355
TCGA-27-2521-01A,ENSG00000000005,1.1794479,-2.0767732,5.087834,-0.17738444,0.6662525,1.271301,-4.071399,0.8126917,-0.6083771,2.5652843
TCGA-27-2521-01A,ENSG00000000419,0.3708321,-3.00535,-0.53923553,-0.46223462,1.2695311,-1.942915,-2.3236365,-0.27633777,1.240644,-1.3430567
TCGA-27-2521-01A,ENSG00000000457,1.2590537,-2.4733284,2.8347704,-1.4882746,-2.2776947,0.54017514,1.5473716,0.9194925,2.7339153,3.192503
TCGA-27-2521-01A,ENSG00000000460,-0.15091994,-0.89501315,3.1454124,0.62302756,-3.044896,-1.3226601,2.2683864,0.46011817,0.10894596,2.0107794
TCGA-27-2521-01A,ENSG00000000938,1.7203429,-1.6450527,0.9019306,1.9579324,-2.0271308,-1.9270825,-1.8469996,1.1090331,1.4909589,2.4480875
TCGA-27-2521-01A,ENSG00000000971,1.3994185,0.4762502,3.9519987,0.5715201,1.3452222,-2.981748,-0.52427304,3.0875154,0.10194519,0.21666682
TCGA-27-2521-01A,ENSG00000001036,0.33256733,-1.1160045,-3.365524,1.6022043,-2.3899088,-0.58745193,0.37386796,-0.31454933,-0.8747599,1.3487229
TCGA-27-2521-01A,ENSG00000001084,-1.4838967,-0.27130193,-4.3933115,0.04573661,1.1900408,2.7699327,0.09657694,-1.4979334,3.1861439,0.20678294
TCGA-27-2521-01A,ENSG00000001167,-0.92923427,-0.72982,-2.8037434,0.6608089,0.66106313,2.1731339,1.6910939,-2.5866928,2.076158,2.296628
TCGA-06-0744-01A,ENSG00000000003,-3.536766,0.16216528,-3.0648005,0.26724437,0.010706425,-0.4427859,-1.1745312,1.3348569,-0.19851995,-0.8830973
TCGA-06-0744-01A,ENSG00000000005,0.12493956,0.17452848,4.0256705,0.0100259185,-0.30303118,1.2006552,-2.2606936,-0.5673432,1.173779,-0.4863087
TCGA-06-0744-01A,ENSG00000000419,1.9103822,0.6055181,0.63732713,-0.8080783,2.8112822,-1.412882,1.0330657,1.0647837,3.3473198,-0.8299351
TCGA-06-0744-01A,ENSG00000000457,-0.5570759,-0.6837958,4.5091887,-0.068130895,-2.0566432,-0.48642856,1.4512017,1.5664694,1.2573031,1.9279752
TCGA-06-0744-01A,ENSG00000000460,1.041904,-0.3587284,4.513586,1.1696911,-1.9843822,-0.71249664,0.48519644,3.4469032,0.056301013,1.2621864
TCGA-06-0744-01A,ENSG00000000938,-0.7284709,1.8349605,-0.72693896,1.9012941,-1.5311692,-1.911617,-4.0308166,1.1287719,1.7303289,3.440572
TCGA-06-0744-01A,ENSG00000000971,2.7451603,-1.6489234,1.4287732,-0.28949833,-0.17310366,-2.5515208,0.34972662,0.79870236,0.18744355,1.5708051
TCGA-06-0744-01A,ENSG00000001036,1.1813759,0.5552416,-0.12577827,0.28847337,2.1288266,0.00022912025,0.40109748,-0.58791935,-0.3975658,1.0981026
TCGA-06-0744-01A,ENSG00000001084,-0.9948099,0.29414934,-2.957482,1.3700838,2.1636646,2.25975,-2.6578953,1.160056,0.46605968,2.5199678
TCGA-06-0744-01A,ENSG00000001167,0.33994237,0.66337633,-2.7046776,1.6389529,1.6514785,2.2504632,-1.4213934,1.13996,-1.3829368,3.9180522
